<ImportExportXml version="9.2.23044.236" SolutionPackageVersion="9.2" languagecode="1033" generatedBy="CrmLive" xmlns:xsi="http://www.w3.org/2001/XMLSchema-instance">
  <SolutionManifest>
    <UniqueName>FOIA</UniqueName>
    <LocalizedNames>
      <LocalizedName description="FOIA Management" languagecode="1033" />
    </LocalizedNames>
    <Descriptions>
      <Description description="Upgrade of FOIA" languagecode="1033" />
    </Descriptions>
    <Version>1.1.0.10</Version>
    <Managed>0</Managed>
    <Publisher>
      <UniqueName>health_and_public_sector</UniqueName>
      <LocalizedNames>
        <LocalizedName description="Health and Public Sector" languagecode="1033" />
      </LocalizedNames>
      <Descriptions />
      <EMailAddress xsi:nil="true"></EMailAddress>
      <SupportingWebsiteUrl xsi:nil="true"></SupportingWebsiteUrl>
      <CustomizationPrefix>hps</CustomizationPrefix>
      <CustomizationOptionValuePrefix>98052</CustomizationOptionValuePrefix>
      <Addresses>
        <Address>
          <AddressNumber>1</AddressNumber>
          <AddressTypeCode>1</AddressTypeCode>
          <City xsi:nil="true"></City>
          <County xsi:nil="true"></County>
          <Country xsi:nil="true"></Country>
          <Fax xsi:nil="true"></Fax>
          <FreightTermsCode xsi:nil="true"></FreightTermsCode>
          <ImportSequenceNumber xsi:nil="true"></ImportSequenceNumber>
          <Latitude xsi:nil="true"></Latitude>
          <Line1 xsi:nil="true"></Line1>
          <Line2 xsi:nil="true"></Line2>
          <Line3 xsi:nil="true"></Line3>
          <Longitude xsi:nil="true"></Longitude>
          <Name xsi:nil="true"></Name>
          <PostalCode xsi:nil="true"></PostalCode>
          <PostOfficeBox xsi:nil="true"></PostOfficeBox>
          <PrimaryContactName xsi:nil="true"></PrimaryContactName>
          <ShippingMethodCode>1</ShippingMethodCode>
          <StateOrProvince xsi:nil="true"></StateOrProvince>
          <Telephone1 xsi:nil="true"></Telephone1>
          <Telephone2 xsi:nil="true"></Telephone2>
          <Telephone3 xsi:nil="true"></Telephone3>
          <TimeZoneRuleVersionNumber xsi:nil="true"></TimeZoneRuleVersionNumber>
          <UPSZone xsi:nil="true"></UPSZone>
          <UTCOffset xsi:nil="true"></UTCOffset>
          <UTCConversionTimeZoneCode xsi:nil="true"></UTCConversionTimeZoneCode>
        </Address>
        <Address>
          <AddressNumber>2</AddressNumber>
          <AddressTypeCode>1</AddressTypeCode>
          <City xsi:nil="true"></City>
          <County xsi:nil="true"></County>
          <Country xsi:nil="true"></Country>
          <Fax xsi:nil="true"></Fax>
          <FreightTermsCode xsi:nil="true"></FreightTermsCode>
          <ImportSequenceNumber xsi:nil="true"></ImportSequenceNumber>
          <Latitude xsi:nil="true"></Latitude>
          <Line1 xsi:nil="true"></Line1>
          <Line2 xsi:nil="true"></Line2>
          <Line3 xsi:nil="true"></Line3>
          <Longitude xsi:nil="true"></Longitude>
          <Name xsi:nil="true"></Name>
          <PostalCode xsi:nil="true"></PostalCode>
          <PostOfficeBox xsi:nil="true"></PostOfficeBox>
          <PrimaryContactName xsi:nil="true"></PrimaryContactName>
          <ShippingMethodCode>1</ShippingMethodCode>
          <StateOrProvince xsi:nil="true"></StateOrProvince>
          <Telephone1 xsi:nil="true"></Telephone1>
          <Telephone2 xsi:nil="true"></Telephone2>
          <Telephone3 xsi:nil="true"></Telephone3>
          <TimeZoneRuleVersionNumber xsi:nil="true"></TimeZoneRuleVersionNumber>
          <UPSZone xsi:nil="true"></UPSZone>
          <UTCOffset xsi:nil="true"></UTCOffset>
          <UTCConversionTimeZoneCode xsi:nil="true"></UTCConversionTimeZoneCode>
        </Address>
      </Addresses>
    </Publisher>
    <RootComponents>
      <RootComponent type="1" schemaName="hps_casetype" behavior="0" />
      <RootComponent type="1" schemaName="hps_foiaprocessing" behavior="0" />
      <RootComponent type="1" schemaName="hps_foiastatus" behavior="0" />
      <RootComponent type="1" schemaName="hps_search" behavior="0" />
      <RootComponent type="1" schemaName="hps_searchsource" behavior="0" />
      <RootComponent type="1" schemaName="hps_searchterm" behavior="0" />
      <RootComponent type="1" schemaName="hps_searchtermorigination" behavior="0" />
      <RootComponent type="1" schemaName="incident" behavior="2" />
      <RootComponent type="1" schemaName="systemuser" behavior="1" />
      <RootComponent type="29" id="{1bd74b8f-9cd2-ed11-b596-001dd8070456}" behavior="0" />
      <RootComponent type="29" id="{4d1575f8-9cd2-ed11-b596-001dd80702fd}" behavior="0" />
      <RootComponent type="29" id="{59c00384-91d2-ed11-b596-001dd80702fd}" behavior="0" />
      <RootComponent type="29" id="{e773607d-55cf-ed11-b596-001dd8070456}" behavior="0" />
      <RootComponent type="62" schemaName="hps_FOIAServiceHub" behavior="0" />
      <RootComponent type="66" schemaName="hps_superSubGrids.SmartGrid" behavior="0" />
    </RootComponents>
    <MissingDependencies>
      <MissingDependency>
        <Required type="1" schemaName="constraintbasedgroup" displayName="Resource Group" solution="msdynce_Service (9.0.5.56)" />
        <Dependent type="62" schemaName="hps_FOIAServiceHub" />
      </MissingDependency>
      <MissingDependency>
        <Required type="1" schemaName="contract" displayName="Contract" solution="msdynce_Service (9.0.5.56)" />
        <Dependent type="60" displayName="FOIA - Case - Main" parentDisplayName="Case" id="{81f2c6be-4c07-ee11-8f6d-001dd80a7287}" />
      </MissingDependency>
      <MissingDependency>
        <Required type="1" schemaName="entitlement" displayName="Entitlement" solution="msdynce_Service (9.0.5.56)" />
        <Dependent type="62" schemaName="hps_FOIAServiceHub" />
      </MissingDependency>
      <MissingDependency>
        <Required type="1" schemaName="entitlementtemplate" displayName="Entitlement Template" solution="msdynce_Service (9.0.5.56)" />
        <Dependent type="62" schemaName="hps_FOIAServiceHub" />
      </MissingDependency>
      <MissingDependency>
        <Required type="1" schemaName="equipment" displayName="Facility/Equipment" solution="msdynce_Service (9.0.5.56)" />
        <Dependent type="62" schemaName="hps_FOIAServiceHub" />
      </MissingDependency>
      <MissingDependency>
        <Required type="1" schemaName="incident" displayName="Case" solution="msdynce_Service (9.0.5.56)" />
        <Dependent type="1" schemaName="incident" displayName="Case" />
      </MissingDependency>
      <MissingDependency>
        <Required type="1" schemaName="knowledgearticleincident" displayName="Knowledge Article Incident" solution="msdynce_Service (9.0.5.56)" />
        <Dependent type="60" displayName="FOIA - Case - Main" parentDisplayName="Case" id="{81f2c6be-4c07-ee11-8f6d-001dd80a7287}" />
      </MissingDependency>
      <MissingDependency>
        <Required type="1" schemaName="msdyn_analysisjob" displayName="Analysis Job" solution="msdyn_PowerAppsChecker (2.0.0.5)" />
        <Dependent type="62" schemaName="hps_FOIAServiceHub" />
      </MissingDependency>
      <MissingDependency>
        <Required type="1" schemaName="msdyn_applicationtabtemplate" displayName="Application Tab Template" solution="msdyn_AppProfileManager (10.1.23043.1012)" />
        <Dependent type="62" schemaName="hps_FOIAServiceHub" />
      </MissingDependency>
      <MissingDependency>
        <Required type="1" schemaName="msdyn_customerasset" displayName="Customer Asset" solution="msdyn_AssetCommon (1.0.26.9)" />
        <Dependent type="62" schemaName="hps_FOIAServiceHub" />
      </MissingDependency>
      <MissingDependency>
        <Required type="1" schemaName="msdyn_dataanalyticsreport_csrmanager" displayName="Customer Service historical analytics" solution="msdyn_AnalyticsForCS (1.2.23100.4)" />
        <Dependent type="62" schemaName="hps_FOIAServiceHub" />
      </MissingDependency>
      <MissingDependency>
        <Required type="1" schemaName="msdyn_dataanalyticsreport_ksinsights" displayName="Knowledge analytics" solution="msdyn_AnalyticsForCS (1.2.23100.4)" />
        <Dependent type="62" schemaName="hps_FOIAServiceHub" />
      </MissingDependency>
      <MissingDependency>
        <Required type="1" schemaName="msdyn_datainsightsandanalyticsfeature" displayName="Insights" solution="msdyn_DataInsightsAndAnalytics (1.2.23100.4)" />
        <Dependent type="62" schemaName="hps_FOIAServiceHub" />
      </MissingDependency>
      <MissingDependency>
        <Required type="1" schemaName="msdyn_iotalert" displayName="IoT Alert" solution="IoTConnector (1.8.9.7)" />
        <Dependent type="62" schemaName="hps_FOIAServiceHub" />
      </MissingDependency>
      <MissingDependency>
        <Required type="1" schemaName="msdyn_iotdevicecategory" displayName="IoT Device Category" solution="IoTConnector (1.8.9.7)" />
        <Dependent type="62" schemaName="hps_FOIAServiceHub" />
      </MissingDependency>
      <MissingDependency>
        <Required type="1" schemaName="msdyn_iotdevicecommanddefinition" displayName="IoT Device Command Definition" solution="IoTConnector (1.8.9.7)" />
        <Dependent type="62" schemaName="hps_FOIAServiceHub" />
      </MissingDependency>
      <MissingDependency>
        <Required type="1" schemaName="msdyn_iotpropertydefinition" displayName="IoT Property Definition" solution="IoTConnector (1.8.9.7)" />
        <Dependent type="62" schemaName="hps_FOIAServiceHub" />
      </MissingDependency>
      <MissingDependency>
        <Required type="1" schemaName="msdyn_iotsettings" displayName="IoT Settings" solution="IoTConnector (1.8.9.7)" />
        <Dependent type="62" schemaName="hps_FOIAServiceHub" />
      </MissingDependency>
      <MissingDependency>
        <Required type="1" schemaName="msdyn_kmfederatedsearchconfig" displayName="Search provider" solution="msdynce_KnowledgeManagementOnlineFeatures (9.0.23051.5022)" />
        <Dependent type="62" schemaName="hps_FOIAServiceHub" />
      </MissingDependency>
      <MissingDependency>
        <Required type="1" schemaName="msdyn_knowledgearticletemplate" displayName="Knowledge Article Template" solution="msdynce_KnowledgeManagementFeatures (9.0.23051.5022)" />
        <Dependent type="62" schemaName="hps_FOIAServiceHub" />
      </MissingDependency>
      <MissingDependency>
        <Required type="1" schemaName="msdyn_msteamssettingsv2" displayName="msdyn_msteamssettingsv2" solution="msdynce_OfficeProductivity (9.0.23041.10001)" />
        <Dependent type="62" schemaName="hps_FOIAServiceHub" />
      </MissingDependency>
      <MissingDependency>
        <Required type="1" schemaName="msdyn_notificationtemplate" displayName="Notification Template" solution="msdyn_AppProfileManager (10.1.23043.1012)" />
        <Dependent type="62" schemaName="hps_FOIAServiceHub" />
      </MissingDependency>
      <MissingDependency>
        <Required type="1" schemaName="msdyn_productivityagentscript" displayName="Agent script" solution="msdyn_Agentscripts (9.2.23043.1003)" />
        <Dependent type="62" schemaName="hps_FOIAServiceHub" />
      </MissingDependency>
      <MissingDependency>
        <Required type="1" schemaName="msdyn_sessiontemplate" displayName="Session Template" solution="msdyn_AppProfileManager (10.1.23043.1012)" />
        <Dependent type="62" schemaName="hps_FOIAServiceHub" />
      </MissingDependency>
      <MissingDependency>
        <Required type="1" schemaName="msdyn_slakpi" displayName="SLA KPI" solution="msdynce_ServiceLevelAgreementExtension (9.0.23043.1005)" />
        <Dependent type="62" schemaName="hps_FOIAServiceHub" />
      </MissingDependency>
      <MissingDependency>
        <Required type="1" schemaName="msdyn_swarm" displayName="Swarm" solution="msdyn_Swarming (9.0.23043.1034)" />
        <Dependent type="62" schemaName="hps_FOIAServiceHub" />
      </MissingDependency>
      <MissingDependency>
        <Required type="1" schemaName="msdyn_swarmtemplate" displayName="Swarm template" solution="msdyn_Swarming (9.0.23043.1034)" />
        <Dependent type="62" schemaName="hps_FOIAServiceHub" />
      </MissingDependency>
      <MissingDependency>
        <Required type="1" schemaName="service" displayName="Service" solution="msdynce_Service (9.0.5.56)" />
        <Dependent type="62" schemaName="hps_FOIAServiceHub" />
      </MissingDependency>
      <MissingDependency>
        <Required type="1" schemaName="serviceappointment" displayName="Service Activity" solution="msdynce_Service (9.0.5.56)" />
        <Dependent type="62" schemaName="hps_FOIAServiceHub" />
      </MissingDependency>
      <MissingDependency>
        <Required type="1" schemaName="site" displayName="Site" solution="msdynce_Service (9.0.5.56)" />
        <Dependent type="62" schemaName="hps_FOIAServiceHub" />
      </MissingDependency>
      <MissingDependency>
        <Required type="2" schemaName="blockedprofile" displayName="Blocked Profile" parentSchemaName="incident" parentDisplayName="Case" solution="msdynce_Service (9.0.5.56)" />
        <Dependent type="60" displayName="FOIA - Case - Main" parentDisplayName="Case" id="{81f2c6be-4c07-ee11-8f6d-001dd80a7287}" />
      </MissingDependency>
      <MissingDependency>
        <Required type="2" schemaName="caseorigincode" displayName="Origin" parentSchemaName="incident" parentDisplayName="Case" solution="msdynce_Service (9.0.5.56)" />
        <Dependent type="60" displayName="FOIA - Case - Main" parentDisplayName="Case" id="{81f2c6be-4c07-ee11-8f6d-001dd80a7287}" />
      </MissingDependency>
      <MissingDependency>
        <Required type="2" schemaName="casetypecode" displayName="Case Type" parentSchemaName="incident" parentDisplayName="Case" solution="msdynce_Service (9.0.5.56)" />
        <Dependent type="60" displayName="FOIA - Case - Main" parentDisplayName="Case" id="{81f2c6be-4c07-ee11-8f6d-001dd80a7287}" />
      </MissingDependency>
      <MissingDependency>
        <Required type="2" schemaName="contractdetailid" displayName="Contract Line" parentSchemaName="incident" parentDisplayName="Case" solution="msdynce_Service (9.0.5.56)" />
        <Dependent type="60" displayName="FOIA - Case - Main" parentDisplayName="Case" id="{81f2c6be-4c07-ee11-8f6d-001dd80a7287}" />
      </MissingDependency>
      <MissingDependency>
        <Required type="2" schemaName="contractid" displayName="Contract" parentSchemaName="incident" parentDisplayName="Case" solution="msdynce_Service (9.0.5.56)" />
        <Dependent type="60" displayName="FOIA - Case - Main" parentDisplayName="Case" id="{81f2c6be-4c07-ee11-8f6d-001dd80a7287}" />
      </MissingDependency>
      <MissingDependency>
        <Required type="2" schemaName="contractservicelevelcode" displayName="Service Level" parentSchemaName="incident" parentDisplayName="Case" solution="msdynce_Service (9.0.5.56)" />
        <Dependent type="60" displayName="FOIA - Case - Main" parentDisplayName="Case" id="{81f2c6be-4c07-ee11-8f6d-001dd80a7287}" />
      </MissingDependency>
      <MissingDependency>
        <Required type="2" schemaName="createdon" displayName="Created On" parentSchemaName="incident" parentDisplayName="Case" solution="msdynce_Service (9.0.5.56)" />
        <Dependent type="60" displayName="FOIA - Case - Main" parentDisplayName="Case" id="{81f2c6be-4c07-ee11-8f6d-001dd80a7287}" />
      </MissingDependency>
      <MissingDependency>
        <Required type="2" schemaName="customerid" displayName="Customer" parentSchemaName="incident" parentDisplayName="Case" solution="msdynce_Service (9.0.5.56)" />
        <Dependent type="29" displayName="FOIA - Case - Set 'Case Title'" id="{4d1575f8-9cd2-ed11-b596-001dd80702fd}" />
      </MissingDependency>
      <MissingDependency>
        <Required type="2" schemaName="customerid" displayName="Customer" parentSchemaName="incident" parentDisplayName="Case" solution="msdynce_Service (9.0.5.56)" />
        <Dependent type="29" displayName="FOIA Processing" id="{e773607d-55cf-ed11-b596-001dd8070456}" />
      </MissingDependency>
      <MissingDependency>
        <Required type="2" schemaName="customerid" displayName="Customer" parentSchemaName="incident" parentDisplayName="Case" solution="msdynce_Service (9.0.5.56)" />
        <Dependent type="60" displayName="Information" parentDisplayName="FOIA Processing" id="{0d6a1255-ac9c-449e-9657-ef4e2cca9160}" />
      </MissingDependency>
      <MissingDependency>
        <Required type="2" schemaName="customerid" displayName="Customer" parentSchemaName="incident" parentDisplayName="Case" solution="msdynce_Service (9.0.5.56)" />
        <Dependent type="60" displayName="FOIA - Portal - Create" parentDisplayName="Case" id="{63458d55-4e07-ee11-8f6d-001dd80859a5}" />
      </MissingDependency>
      <MissingDependency>
        <Required type="2" schemaName="customerid" displayName="Customer" parentSchemaName="incident" parentDisplayName="Case" solution="msdynce_Service (9.0.5.56)" />
        <Dependent type="60" displayName="FOIA - Case - Main" parentDisplayName="Case" id="{81f2c6be-4c07-ee11-8f6d-001dd80a7287}" />
      </MissingDependency>
      <MissingDependency>
        <Required type="2" schemaName="description" displayName="Description" parentSchemaName="incident" parentDisplayName="Case" solution="msdynce_Service (9.0.5.56)" />
        <Dependent type="60" displayName="FOIA - Portal - Create" parentDisplayName="Case" id="{63458d55-4e07-ee11-8f6d-001dd80859a5}" />
      </MissingDependency>
      <MissingDependency>
        <Required type="2" schemaName="description" displayName="Description" parentSchemaName="incident" parentDisplayName="Case" solution="msdynce_Service (9.0.5.56)" />
        <Dependent type="60" displayName="FOIA - Case - Main" parentDisplayName="Case" id="{81f2c6be-4c07-ee11-8f6d-001dd80a7287}" />
      </MissingDependency>
      <MissingDependency>
        <Required type="2" schemaName="entitlementid" displayName="Entitlement" parentSchemaName="incident" parentDisplayName="Case" solution="msdynce_Service (9.0.5.56)" />
        <Dependent type="60" displayName="FOIA - Case - Main" parentDisplayName="Case" id="{81f2c6be-4c07-ee11-8f6d-001dd80a7287}" />
      </MissingDependency>
      <MissingDependency>
        <Required type="2" schemaName="escalatedon" displayName="Escalated On" parentSchemaName="incident" parentDisplayName="Case" solution="msdynce_Service (9.0.5.56)" />
        <Dependent type="60" displayName="FOIA - Case - Main" parentDisplayName="Case" id="{81f2c6be-4c07-ee11-8f6d-001dd80a7287}" />
      </MissingDependency>
      <MissingDependency>
        <Required type="2" schemaName="firstresponsebykpiid" displayName="First Response By KPI" parentSchemaName="incident" parentDisplayName="Case" solution="msdynce_Service (9.0.5.56)" />
        <Dependent type="60" displayName="FOIA - Case - Main" parentDisplayName="Case" id="{81f2c6be-4c07-ee11-8f6d-001dd80a7287}" />
      </MissingDependency>
      <MissingDependency>
        <Required type="2" schemaName="firstresponsesent" displayName="First Response Sent" parentSchemaName="incident" parentDisplayName="Case" solution="msdynce_Service (9.0.5.56)" />
        <Dependent type="60" displayName="FOIA - Case - Main" parentDisplayName="Case" id="{81f2c6be-4c07-ee11-8f6d-001dd80a7287}" />
      </MissingDependency>
      <MissingDependency>
        <Required type="2" schemaName="followupby" displayName="Follow Up By" parentSchemaName="incident" parentDisplayName="Case" solution="msdynce_Service (9.0.5.56)" />
        <Dependent type="60" displayName="FOIA - Case - Main" parentDisplayName="Case" id="{81f2c6be-4c07-ee11-8f6d-001dd80a7287}" />
      </MissingDependency>
      <MissingDependency>
        <Required type="2" schemaName="incidentid" displayName="Case" parentSchemaName="incident" parentDisplayName="Case" solution="msdynce_Service (9.0.5.56)" />
        <Dependent type="10" schemaName="bpf_incident_hps_foiaprocessing" displayName="bpf_incident_hps_foiaprocessing" parentSchemaName="incident" parentDisplayName="Case" />
      </MissingDependency>
      <MissingDependency>
        <Required type="2" schemaName="incidentid" displayName="Case" parentSchemaName="incident" parentDisplayName="Case" solution="msdynce_Service (9.0.5.56)" />
        <Dependent type="10" schemaName="hps_hps_searchterm_case_id_incident" displayName="hps_hps_searchterm_case_id_incident" parentSchemaName="incident" parentDisplayName="Case" />
      </MissingDependency>
      <MissingDependency>
        <Required type="2" schemaName="incidentid" displayName="Case" parentSchemaName="incident" parentDisplayName="Case" solution="msdynce_Service (9.0.5.56)" />
        <Dependent type="26" schemaName="FOIA - Active Cases" displayName="FOIA - Active Cases" parentSchemaName="incident" parentDisplayName="Case" id="{130dbc66-8bd2-ed11-b596-001dd8070456}" />
      </MissingDependency>
      <MissingDependency>
        <Required type="2" schemaName="incidentid" displayName="Case" parentSchemaName="incident" parentDisplayName="Case" solution="msdynce_Service (9.0.5.56)" />
        <Dependent type="26" schemaName="Inactive FOIA Processing on my Cases" displayName="Inactive FOIA Processing on my Cases" parentSchemaName="hps_foiaprocessing" parentDisplayName="FOIA Processing" id="{6d87f0a9-4f05-4299-9f09-3eba5a2722ec}" />
      </MissingDependency>
      <MissingDependency>
        <Required type="2" schemaName="incidentid" displayName="Case" parentSchemaName="incident" parentDisplayName="Case" solution="msdynce_Service (9.0.5.56)" />
        <Dependent type="26" schemaName="Active FOIA Processing on my Cases" displayName="Active FOIA Processing on my Cases" parentSchemaName="hps_foiaprocessing" parentDisplayName="FOIA Processing" id="{c58be156-7e7b-41ce-b731-64b1fe2b0dc3}" />
      </MissingDependency>
      <MissingDependency>
        <Required type="2" schemaName="incidentid" displayName="Case" parentSchemaName="incident" parentDisplayName="Case" solution="msdynce_Service (9.0.5.56)" />
        <Dependent type="29" displayName="FOIA - Case - Control 'Case Title'" id="{1bd74b8f-9cd2-ed11-b596-001dd8070456}" />
      </MissingDependency>
      <MissingDependency>
        <Required type="2" schemaName="incidentid" displayName="Case" parentSchemaName="incident" parentDisplayName="Case" solution="msdynce_Service (9.0.5.56)" />
        <Dependent type="29" displayName="FOIA - Case - Set 'Case Title'" id="{4d1575f8-9cd2-ed11-b596-001dd80702fd}" />
      </MissingDependency>
      <MissingDependency>
        <Required type="2" schemaName="incidentid" displayName="Case" parentSchemaName="incident" parentDisplayName="Case" solution="msdynce_Service (9.0.5.56)" />
        <Dependent type="29" displayName="FOIA Processing" id="{e773607d-55cf-ed11-b596-001dd8070456}" />
      </MissingDependency>
      <MissingDependency>
        <Required type="2" schemaName="influencescore" displayName="Influence Score" parentSchemaName="incident" parentDisplayName="Case" solution="msdynce_Service (9.0.5.56)" />
        <Dependent type="60" displayName="FOIA - Case - Main" parentDisplayName="Case" id="{81f2c6be-4c07-ee11-8f6d-001dd80a7287}" />
      </MissingDependency>
      <MissingDependency>
        <Required type="2" schemaName="isescalated" displayName="Is Escalated" parentSchemaName="incident" parentDisplayName="Case" solution="msdynce_Service (9.0.5.56)" />
        <Dependent type="60" displayName="FOIA - Case - Main" parentDisplayName="Case" id="{81f2c6be-4c07-ee11-8f6d-001dd80a7287}" />
      </MissingDependency>
      <MissingDependency>
        <Required type="2" schemaName="kbarticleid" displayName="Knowledge Base Article" parentSchemaName="incident" parentDisplayName="Case" solution="msdynce_Service (9.0.5.56)" />
        <Dependent type="60" displayName="FOIA - Case - Main" parentDisplayName="Case" id="{81f2c6be-4c07-ee11-8f6d-001dd80a7287}" />
      </MissingDependency>
      <MissingDependency>
        <Required type="2" schemaName="messagetypecode" displayName="Received As" parentSchemaName="incident" parentDisplayName="Case" solution="msdynce_Service (9.0.5.56)" />
        <Dependent type="60" displayName="FOIA - Case - Main" parentDisplayName="Case" id="{81f2c6be-4c07-ee11-8f6d-001dd80a7287}" />
      </MissingDependency>
      <MissingDependency>
        <Required type="2" schemaName="ownerid" displayName="Owner" parentSchemaName="incident" parentDisplayName="Case" solution="msdynce_Service (9.0.5.56)" />
        <Dependent type="26" schemaName="Inactive FOIA Processing on my Cases" displayName="Inactive FOIA Processing on my Cases" parentSchemaName="hps_foiaprocessing" parentDisplayName="FOIA Processing" id="{6d87f0a9-4f05-4299-9f09-3eba5a2722ec}" />
      </MissingDependency>
      <MissingDependency>
        <Required type="2" schemaName="ownerid" displayName="Owner" parentSchemaName="incident" parentDisplayName="Case" solution="msdynce_Service (9.0.5.56)" />
        <Dependent type="26" schemaName="Active FOIA Processing on my Cases" displayName="Active FOIA Processing on my Cases" parentSchemaName="hps_foiaprocessing" parentDisplayName="FOIA Processing" id="{c58be156-7e7b-41ce-b731-64b1fe2b0dc3}" />
      </MissingDependency>
      <MissingDependency>
        <Required type="2" schemaName="ownerid" displayName="Owner" parentSchemaName="incident" parentDisplayName="Case" solution="msdynce_Service (9.0.5.56)" />
        <Dependent type="60" displayName="FOIA - Portal - Create" parentDisplayName="Case" id="{63458d55-4e07-ee11-8f6d-001dd80859a5}" />
      </MissingDependency>
      <MissingDependency>
        <Required type="2" schemaName="ownerid" displayName="Owner" parentSchemaName="incident" parentDisplayName="Case" solution="msdynce_Service (9.0.5.56)" />
        <Dependent type="60" displayName="FOIA - Case - Main" parentDisplayName="Case" id="{81f2c6be-4c07-ee11-8f6d-001dd80a7287}" />
      </MissingDependency>
      <MissingDependency>
        <Required type="2" schemaName="parentcaseid" displayName="Parent Case" parentSchemaName="incident" parentDisplayName="Case" solution="msdynce_Service (9.0.5.56)" />
        <Dependent type="60" displayName="FOIA - Case - Main" parentDisplayName="Case" id="{81f2c6be-4c07-ee11-8f6d-001dd80a7287}" />
      </MissingDependency>
      <MissingDependency>
        <Required type="2" schemaName="prioritycode" displayName="Priority" parentSchemaName="incident" parentDisplayName="Case" solution="msdynce_Service (9.0.5.56)" />
        <Dependent type="60" displayName="FOIA - Case - Main" parentDisplayName="Case" id="{81f2c6be-4c07-ee11-8f6d-001dd80a7287}" />
      </MissingDependency>
      <MissingDependency>
        <Required type="2" schemaName="productserialnumber" displayName="Serial Number" parentSchemaName="incident" parentDisplayName="Case" solution="msdynce_Service (9.0.5.56)" />
        <Dependent type="60" displayName="FOIA - Case - Main" parentDisplayName="Case" id="{81f2c6be-4c07-ee11-8f6d-001dd80a7287}" />
      </MissingDependency>
      <MissingDependency>
        <Required type="2" schemaName="resolveby" displayName="Resolve By" parentSchemaName="incident" parentDisplayName="Case" solution="msdynce_Service (9.0.5.56)" />
        <Dependent type="60" displayName="FOIA - Case - Main" parentDisplayName="Case" id="{81f2c6be-4c07-ee11-8f6d-001dd80a7287}" />
      </MissingDependency>
      <MissingDependency>
        <Required type="2" schemaName="resolvebykpiid" displayName="Resolve By KPI" parentSchemaName="incident" parentDisplayName="Case" solution="msdynce_Service (9.0.5.56)" />
        <Dependent type="60" displayName="FOIA - Case - Main" parentDisplayName="Case" id="{81f2c6be-4c07-ee11-8f6d-001dd80a7287}" />
      </MissingDependency>
      <MissingDependency>
        <Required type="2" schemaName="responseby" displayName="First Response By" parentSchemaName="incident" parentDisplayName="Case" solution="msdynce_Service (9.0.5.56)" />
        <Dependent type="60" displayName="FOIA - Case - Main" parentDisplayName="Case" id="{81f2c6be-4c07-ee11-8f6d-001dd80a7287}" />
      </MissingDependency>
      <MissingDependency>
        <Required type="2" schemaName="routecase" displayName="Route Case" parentSchemaName="incident" parentDisplayName="Case" solution="msdynce_Service (9.0.5.56)" />
        <Dependent type="60" displayName="FOIA - Case - Main" parentDisplayName="Case" id="{81f2c6be-4c07-ee11-8f6d-001dd80a7287}" />
      </MissingDependency>
      <MissingDependency>
        <Required type="2" schemaName="sentimentvalue" displayName="Sentiment Value" parentSchemaName="incident" parentDisplayName="Case" solution="msdynce_Service (9.0.5.56)" />
        <Dependent type="60" displayName="FOIA - Case - Main" parentDisplayName="Case" id="{81f2c6be-4c07-ee11-8f6d-001dd80a7287}" />
      </MissingDependency>
      <MissingDependency>
        <Required type="2" schemaName="socialprofileid" displayName="Social Profile" parentSchemaName="incident" parentDisplayName="Case" solution="msdynce_Service (9.0.5.56)" />
        <Dependent type="60" displayName="FOIA - Case - Main" parentDisplayName="Case" id="{81f2c6be-4c07-ee11-8f6d-001dd80a7287}" />
      </MissingDependency>
      <MissingDependency>
        <Required type="2" schemaName="statuscode" displayName="Status Reason" parentSchemaName="incident" parentDisplayName="Case" solution="msdynce_Service (9.0.5.56)" />
        <Dependent type="2" schemaName="statuscode" displayName="Status Reason" parentSchemaName="incident" parentDisplayName="Case" />
      </MissingDependency>
      <MissingDependency>
        <Required type="2" schemaName="ticketnumber" displayName="Case Number" parentSchemaName="incident" parentDisplayName="Case" solution="msdynce_Service (9.0.5.56)" />
        <Dependent type="60" displayName="FOIA - Case - Main" parentDisplayName="Case" id="{81f2c6be-4c07-ee11-8f6d-001dd80a7287}" />
      </MissingDependency>
      <MissingDependency>
        <Required type="2" schemaName="title" displayName="Case Title" parentSchemaName="incident" parentDisplayName="Case" solution="msdynce_Service (9.0.5.56)" />
        <Dependent type="10" schemaName="bpf_incident_hps_foiaprocessing" displayName="bpf_incident_hps_foiaprocessing" parentSchemaName="incident" parentDisplayName="Case" />
      </MissingDependency>
      <MissingDependency>
        <Required type="2" schemaName="title" displayName="Case Title" parentSchemaName="incident" parentDisplayName="Case" solution="msdynce_Service (9.0.5.56)" />
        <Dependent type="10" schemaName="hps_hps_searchterm_case_id_incident" displayName="hps_hps_searchterm_case_id_incident" parentSchemaName="incident" parentDisplayName="Case" />
      </MissingDependency>
      <MissingDependency>
        <Required type="2" schemaName="title" displayName="Case Title" parentSchemaName="incident" parentDisplayName="Case" solution="msdynce_Service (9.0.5.56)" />
        <Dependent type="26" schemaName="FOIA - Active Cases" displayName="FOIA - Active Cases" parentSchemaName="incident" parentDisplayName="Case" id="{130dbc66-8bd2-ed11-b596-001dd8070456}" />
      </MissingDependency>
      <MissingDependency>
        <Required type="2" schemaName="title" displayName="Case Title" parentSchemaName="incident" parentDisplayName="Case" solution="msdynce_Service (9.0.5.56)" />
        <Dependent type="29" displayName="FOIA - Case - Control 'Case Title'" id="{1bd74b8f-9cd2-ed11-b596-001dd8070456}" />
      </MissingDependency>
      <MissingDependency>
        <Required type="2" schemaName="title" displayName="Case Title" parentSchemaName="incident" parentDisplayName="Case" solution="msdynce_Service (9.0.5.56)" />
        <Dependent type="29" displayName="FOIA - Case - Set 'Case Title'" id="{4d1575f8-9cd2-ed11-b596-001dd80702fd}" />
      </MissingDependency>
      <MissingDependency>
        <Required type="2" schemaName="title" displayName="Case Title" parentSchemaName="incident" parentDisplayName="Case" solution="msdynce_Service (9.0.5.56)" />
        <Dependent type="29" displayName="FOIA Processing" id="{e773607d-55cf-ed11-b596-001dd8070456}" />
      </MissingDependency>
      <MissingDependency>
        <Required type="2" schemaName="title" displayName="Case Title" parentSchemaName="incident" parentDisplayName="Case" solution="msdynce_Service (9.0.5.56)" />
        <Dependent type="60" displayName="Information" parentDisplayName="FOIA Processing" id="{0d6a1255-ac9c-449e-9657-ef4e2cca9160}" />
      </MissingDependency>
      <MissingDependency>
        <Required type="2" schemaName="title" displayName="Case Title" parentSchemaName="incident" parentDisplayName="Case" solution="msdynce_Service (9.0.5.56)" />
        <Dependent type="60" displayName="FOIA - Portal - Create" parentDisplayName="Case" id="{63458d55-4e07-ee11-8f6d-001dd80859a5}" />
      </MissingDependency>
      <MissingDependency>
        <Required type="2" schemaName="title" displayName="Case Title" parentSchemaName="incident" parentDisplayName="Case" solution="msdynce_Service (9.0.5.56)" />
        <Dependent type="60" displayName="FOIA - Case - Main" parentDisplayName="Case" id="{81f2c6be-4c07-ee11-8f6d-001dd80a7287}" />
      </MissingDependency>
      <MissingDependency>
        <Required type="26" schemaName="Associated Knowledge Records View" displayName="Associated Knowledge Records View" parentSchemaName="knowledgearticleincident" parentDisplayName="Knowledge Article Incident" solution="msdynce_Service (9.0.5.56)" id="{4ce7d553-9bba-4d8f-b209-899af9d3937c}" />
        <Dependent type="60" displayName="FOIA - Case - Main" parentDisplayName="Case" id="{81f2c6be-4c07-ee11-8f6d-001dd80a7287}" />
      </MissingDependency>
      <MissingDependency>
        <Required type="26" schemaName="Active Contracts" displayName="Active Contracts" parentSchemaName="contract" parentDisplayName="Contract" solution="msdynce_Service (9.0.5.56)" id="{646de3ee-ebfb-4d19-8a44-4a619505e188}" />
        <Dependent type="60" displayName="FOIA - Case - Main" parentDisplayName="Case" id="{81f2c6be-4c07-ee11-8f6d-001dd80a7287}" />
      </MissingDependency>
      <MissingDependency>
        <Required type="26" schemaName="Associated Cases" displayName="Associated Cases" parentSchemaName="incident" parentDisplayName="Case" solution="msdynce_Service (9.0.5.56)" id="{72210bbb-d9d5-42df-8efd-39395a3cd7a7}" />
        <Dependent type="60" displayName="FOIA - Case - Main" parentDisplayName="Case" id="{81f2c6be-4c07-ee11-8f6d-001dd80a7287}" />
      </MissingDependency>
      <MissingDependency>
        <Required type="26" schemaName="Contract Line With Allotments" displayName="Contract Line With Allotments" parentSchemaName="contractdetail" parentDisplayName="Contract Line" solution="msdynce_Service (9.0.5.56)" id="{8fa2705c-7e4c-4c0e-b611-4593b35a4c9e}" />
        <Dependent type="60" displayName="FOIA - Case - Main" parentDisplayName="Case" id="{81f2c6be-4c07-ee11-8f6d-001dd80a7287}" />
      </MissingDependency>
      <MissingDependency>
        <Required type="26" schemaName="Valid Entitlements for Cases" displayName="Valid Entitlements for Cases" parentSchemaName="entitlement" parentDisplayName="Entitlement" solution="msdynce_Service (9.0.5.56)" id="{e7ea283b-0490-4956-939b-3325e0798fb8}" />
        <Dependent type="60" displayName="FOIA - Case - Main" parentDisplayName="Case" id="{81f2c6be-4c07-ee11-8f6d-001dd80a7287}" />
      </MissingDependency>
      <MissingDependency>
        <Required type="60" displayName="Resolve By SLA" parentDisplayName="SLA KPI Instance" solution="msdynce_ServiceLevelAgreement (9.0.23043.1005)" id="{19b14c51-3d43-4d56-ab34-49c540bf468c}" />
        <Dependent type="60" displayName="FOIA - Case - Main" parentDisplayName="Case" id="{81f2c6be-4c07-ee11-8f6d-001dd80a7287}" />
      </MissingDependency>
      <MissingDependency>
        <Required type="60" displayName="contact card" parentDisplayName="Contact" solution="msdynce_AppCommon (9.0.4.0066)" id="{707fc57b-c5e6-471b-a180-e37ed28a38e2}" />
        <Dependent type="60" displayName="FOIA - Case - Main" parentDisplayName="Case" id="{81f2c6be-4c07-ee11-8f6d-001dd80a7287}" />
      </MissingDependency>
      <MissingDependency>
        <Required type="60" displayName="account card" parentDisplayName="Account" solution="msdynce_AppCommon (9.0.4.0066)" id="{b028db32-3619-48a5-ac51-cf3f947b0ef3}" />
        <Dependent type="60" displayName="FOIA - Case - Main" parentDisplayName="Case" id="{81f2c6be-4c07-ee11-8f6d-001dd80a7287}" />
      </MissingDependency>
      <MissingDependency>
        <Required type="60" displayName="First Response SLA" parentDisplayName="SLA KPI Instance" solution="msdynce_ServiceLevelAgreement (9.0.23043.1005)" id="{ede9dac3-e143-4be4-acc8-237309e31210}" />
        <Dependent type="60" displayName="FOIA - Case - Main" parentDisplayName="Case" id="{81f2c6be-4c07-ee11-8f6d-001dd80a7287}" />
      </MissingDependency>
      <MissingDependency>
        <Required type="61" schemaName="msdyn_/Analytics/imgs/AnalyticsAndInsightsSettingsIcon.svg" displayName="msdyn_/Analytics/imgs/AnalyticsAndInsightsSettingsIcon.svg" solution="msdyn_DataInsightsAndAnalytics (1.2.23100.4)" />
        <Dependent type="62" schemaName="hps_FOIAServiceHub" />
      </MissingDependency>
      <MissingDependency>
        <Required type="61" schemaName="msdyn_/Analytics/imgs/CustomerServiceInsights.svg" displayName="msdyn_/Analytics/imgs/CustomerServiceInsights.svg" solution="msdyn_AnalyticsForCS (1.2.23100.4)" />
        <Dependent type="62" schemaName="hps_FOIAServiceHub" />
      </MissingDependency>
      <MissingDependency>
        <Required type="61" schemaName="msdyn_/Analytics/imgs/KnowledgeSearchIcon.svg" displayName="msdyn_/Analytics/imgs/KnowledgeSearchIcon.svg" solution="msdyn_AnalyticsForCS (1.2.23100.4)" />
        <Dependent type="62" schemaName="hps_FOIAServiceHub" />
      </MissingDependency>
      <MissingDependency>
        <Required type="61" schemaName="msdyn_/CustomerServiceHealth/icons/AnalysisJob.svg" displayName="msdyn_/CustomerServiceHealth/icons/AnalysisJob.svg" solution="msdyn_CustomerServiceHealth (1.0.0.277)" />
        <Dependent type="62" schemaName="hps_FOIAServiceHub" />
      </MissingDependency>
      <MissingDependency>
        <Required type="61" schemaName="msdyn_/Images/Area_Default_Icon.png" displayName="msdyn_/Images/Area_Default_Icon.png" solution="AppModuleWebResources (2.5)" />
        <Dependent type="62" schemaName="hps_FOIAServiceHub" />
      </MissingDependency>
      <MissingDependency>
        <Required type="61" schemaName="msdyn_/Images/Subarea_Default_Icon.png" displayName="msdyn_/Images/Subarea_Default_Icon.png" solution="AppModuleWebResources (2.5)" />
        <Dependent type="62" schemaName="hps_FOIAServiceHub" />
      </MissingDependency>
      <MissingDependency>
        <Required type="61" schemaName="msdyn_/IoT/Images/SVG/IoTSettings/IoTSettings.svg" displayName="msdyn_/IoT/Images/SVG/IoTSettings/IoTSettings.svg" solution="IoTConnector (1.8.9.7)" />
        <Dependent type="62" schemaName="hps_FOIAServiceHub" />
      </MissingDependency>
      <MissingDependency>
        <Required type="61" schemaName="msdyn_agentscriptcomponent_icon.svg" displayName="msdyn_agentscriptcomponent_icon.svg" solution="msdyn_Agentscripts (9.2.23043.1003)" />
        <Dependent type="62" schemaName="hps_FOIAServiceHub" />
      </MissingDependency>
      <MissingDependency>
        <Required type="61" schemaName="msdyn_macros_icon.svg" displayName="msdyn_macros_icon.svg" solution="msdyn_Macros (9.2.23043.1003)" />
        <Dependent type="62" schemaName="hps_FOIAServiceHub" />
      </MissingDependency>
      <MissingDependency>
        <Required type="61" schemaName="Sales/_imgs/saleAdminSetting/GsTeamsCallsIcon.svg" displayName="Sales/_imgs/saleAdminSetting/GsTeamsCallsIcon.svg" solution="msdynce_SalesPatch202001 (9.0.23041.10002)" />
        <Dependent type="62" schemaName="hps_FOIAServiceHub" />
      </MissingDependency>
      <MissingDependency>
        <Required type="61" schemaName="Service/Incident/Incident_main_system_library.js" displayName="Service/Incident/Incident_main_system_library.js" solution="msdynce_Service (9.0.5.56)" />
        <Dependent type="60" displayName="FOIA - Portal - Create" parentDisplayName="Case" id="{63458d55-4e07-ee11-8f6d-001dd80859a5}" />
      </MissingDependency>
      <MissingDependency>
        <Required type="61" schemaName="Service/Incident/Ribbon/Incident_ribbon_library.js" displayName="Service/Incident/Ribbon/Incident_ribbon_library.js" solution="msdynce_Service (9.0.5.56)" />
        <Dependent type="60" displayName="FOIA - Case - Main" parentDisplayName="Case" id="{81f2c6be-4c07-ee11-8f6d-001dd80a7287}" />
      </MissingDependency>
      <MissingDependency>
        <Required type="61" schemaName="Service/ServiceCalendar/index.html" displayName="Service/ServiceCalendar/index.html" solution="msdynce_ServicePatch201911 (9.0.23043.1005)" />
        <Dependent type="62" schemaName="hps_FOIAServiceHub" />
      </MissingDependency>
      <MissingDependency>
        <Required type="61" schemaName="Swarming/_imgs/msdyn_swarmentityicon.svg" displayName="Swarming/_imgs/msdyn_swarmentityicon.svg" solution="msdyn_Swarming (9.0.23043.1034)" />
        <Dependent type="62" schemaName="hps_FOIAServiceHub" />
      </MissingDependency>
      <MissingDependency>
        <Required type="66" schemaName="MscrmControls.CardFeedContainer.CardFeedContainer" displayName="MscrmControls.CardFeedContainer.CardFeedContainer" solution="BaseCustomControlsCore (9.0.2304.4012)" />
        <Dependent type="60" displayName="FOIA - Case - Main" parentDisplayName="Case" id="{81f2c6be-4c07-ee11-8f6d-001dd80a7287}" />
      </MissingDependency>
      <MissingDependency>
        <Required type="66" schemaName="MscrmControls.Grid.GridControl" displayName="MscrmControls.Grid.GridControl" solution="BaseCustomControlsCore (9.0.2304.4012)" />
        <Dependent type="60" displayName="FOIA - Case - Main" parentDisplayName="Case" id="{81f2c6be-4c07-ee11-8f6d-001dd80a7287}" />
      </MissingDependency>
    </MissingDependencies>
  </SolutionManifest>
</ImportExportXml>