{
  "properties": {
    "connectionReferences": {
      "shared_commondataserviceforapps": {
        "runtimeSource": "embedded",
        "connection": {
          "connectionReferenceLogicalName": "hps_sharedcommondataserviceforapps_f66af"
        },
        "api": {
          "name": "shared_commondataserviceforapps"
        }
      },
      "shared_teams": {
        "runtimeSource": "embedded",
        "connection": {
          "connectionReferenceLogicalName": "hps_sharedteams_ce9e8"
        },
        "api": {
          "name": "shared_teams"
        }
      }
    },
    "definition": {
      "$schema": "https://schema.management.azure.com/providers/Microsoft.Logic/schemas/2016-06-01/workflowdefinition.json#",
      "contentVersion": "1.0.0.0",
      "parameters": {
        "$connections": {
          "defaultValue": {},
          "type": "Object"
        },
        "$authentication": {
          "defaultValue": {},
          "type": "SecureObject"
        }
      },
      "triggers": {
        "When_a_row_is_added,_modified_or_deleted": {
          "metadata": {
            "operationMetadataId": "f5c339d9-4768-4425-a986-e954bf479d7a"
          },
          "type": "OpenApiConnectionWebhook",
          "inputs": {
            "host": {
              "connectionName": "shared_commondataserviceforapps",
              "operationId": "SubscribeWebhookTrigger",
              "apiId": "/providers/Microsoft.PowerApps/apis/shared_commondataserviceforapps"
            },
            "parameters": {
              "subscriptionRequest/message": 3,
              "subscriptionRequest/entityname": "incident",
              "subscriptionRequest/scope": 4,
              "subscriptionRequest/runas": 3
            },
            "authentication": "@parameters('$authentication')"
          },
          "conditions": [
            {
              "expression": "@not(equals(triggerOutputs()?['body/_modifiedby_value'],triggerOutputs()?['body/_ownerid_value']))"
            }
          ]
        }
      },
      "actions": {
        "List_rows": {
          "runAfter": {},
          "metadata": {
            "operationMetadataId": "64692ad0-ac36-4fe8-9cdc-8ad74400451d"
          },
          "type": "OpenApiConnection",
          "inputs": {
            "host": {
              "connectionName": "shared_commondataserviceforapps",
              "operationId": "ListRecords",
              "apiId": "/providers/Microsoft.PowerApps/apis/shared_commondataserviceforapps"
            },
            "parameters": {
              "entityName": "systemusers",
              "$select": "internalemailaddress,fullname",
              "$filter": "systemuserid eq '@{triggerOutputs()?['body/_ownerid_value']}'",
              "$top": 1
            },
            "authentication": "@parameters('$authentication')"
          }
        },
        "Apply_to_each": {
          "foreach": "@outputs('List_rows')?['body/value']",
          "actions": {
            "Post_message_in_a_chat_or_channel": {
              "runAfter": {},
              "metadata": {
                "operationMetadataId": "0ba2bea0-4a39-4b41-8cf3-e076fdb7383e"
              },
              "type": "OpenApiConnection",
              "inputs": {
                "host": {
                  "connectionName": "shared_teams",
                  "operationId": "PostMessageToConversation",
                  "apiId": "/providers/Microsoft.PowerApps/apis/shared_teams"
                },
                "parameters": {
                  "poster": "Power Virtual Agents",
                  "location": "powerva",
                  "body/bot": "new_bot_f2fbd1e920bd4071a00c26a4abfbc2a4",
                  "body/recipient": "@{items('Apply_to_each')?['internalemailaddress']};",
                  "body/messageBody": "<p>@{items('Apply_to_each')?['fullname']} has modified Case: @{triggerOutputs()?['body/title']} (@{triggerOutputs()?['body/ticketnumber']})</p>",
                  "body/attribution": true,
                  "body/activeChat": "Send",
                  "body/installedError": "Fail"
                },
                "authentication": "@parameters('$authentication')"
              }
            }
          },
          "runAfter": {
            "List_rows": [
              "Succeeded"
            ]
          },
          "metadata": {
            "operationMetadataId": "28aa357f-9cc9-49cf-afa7-abb9bd827685"
          },
          "type": "Foreach"
        },
        "Apply_to_each_2": {
          "foreach": "@outputs('List_rows')?['body/value']",
          "actions": {
            "Post_message_in_a_chat_or_channel_2": {
              "runAfter": {},
              "metadata": {
                "operationMetadataId": "8be14acd-8d68-4ccc-b649-c1b5880caecf"
              },
              "type": "OpenApiConnection",
              "inputs": {
                "host": {
                  "connectionName": "shared_teams",
                  "operationId": "PostMessageToConversation",
                  "apiId": "/providers/Microsoft.PowerApps/apis/shared_teams"
                },
                "parameters": {
                  "poster": "Flow bot",
                  "location": "Chat with Flow bot",
                  "body/recipient": "@{items('Apply_to_each_2')?['internalemailaddress']};",
                  "body/messageBody": "<p>@{items('Apply_to_each_2')?['fullname']} has modified Case: @{triggerOutputs()?['body/title']} (@{triggerOutputs()?['body/ticketnumber']})</p>",
                  "body/isAlert": true
                },
                "authentication": "@parameters('$authentication')"
              }
            }
          },
          "runAfter": {
            "List_rows": [
              "Succeeded"
            ]
          },
          "metadata": {
            "operationMetadataId": "fc3de4e7-3251-4d97-aa17-506920a336be"
          },
          "type": "Foreach"
        }
      }
    },
    "templateName": ""
  },
  "schemaVersion": "1.0.0.0"
}